Amplitude,RR interval,Velocity,age,gender,medicine,Arrithymia
1.340632393,1.091666667,1.228060207,73,M,No,(VT
1.690658211,0.738888889,2.288108857,73,M,No,(VT
1.935497142,0.708333333,2.732466554,73,M,No,(VT
1.610930178,0.694444444,2.319739456,81,M,No,(VT
1.059056912,0.647222222,1.636311108,53,M,Yes,(VT
0.7882978,0.6,1.313829666,89,F,Yes,(VT
